PartitionKey,RowKey,Orientation,BeliefName,Belief Description
Belief,1,Positive,I am capable and competent. Belief in one's own abilities and skills.,{{Description}}
Belief,2,Positive,I am deserving of love and respect. Belief in one's intrinsic value and worth.,{{Description}}
Belief,3,Positive,Change is an opportunity for growth. Belief that shifts in life can lead to positive development.,{{Description}}
Belief,4,Positive,I have control over my own actions and decisions. Belief in personal agency and responsibility.,{{Description}}
Belief,5,Positive,Every person has inherent worth. Belief in the fundamental value of all individuals.,{{Description}}
Belief,6,Positive,Mistakes are opportunities to learn. Belief in the value of learning from failures or setbacks.,{{Description}}
Belief,7,Positive,I am responsible for my own happiness. Belief in one's power to cultivate personal contentment.,{{Description}}
Belief,8,Positive,Everyone is doing their best given their circumstances. Belief in the good intentions of others.,{{Description}}
Belief,9,Positive,There is always something to be grateful for. Belief in the value of finding and appreciating positive aspects of life.,{{Description}}
Belief,10,Positive,Kindness makes a difference. Belief in the power and value of compassionate action.,{{Description}}
Belief,11,Positive,I am resilient and can handle life's challenges. Belief in one's ability to cope and recover from adversity.,{{Description}}
Belief,12,Positive,The world is full of opportunities. Belief in the abundance and availability of chances for success.,{{Description}}
Belief,13,Positive,People are capable of change. Belief in the capacity for personal transformation.,{{Description}}
Belief,14,Positive,Honesty is always the best policy. Belief in the importance of truthfulness.,{{Description}}
Belief,15,Positive,Helping others is rewarding. Belief in the fulfillment derived from aiding others.,{{Description}}
Belief,16,Positive,I can make a positive impact on the world. Belief in one's ability to contribute meaningfully to the world.,{{Description}}
Belief,17,Positive,My feelings are valid and important. Belief in the legitimacy and importance of one's emotions.,{{Description}}
Belief,18,Positive,Hard work pays off. Belief in the value of effort and diligence.,{{Description}}
Belief,19,Positive,Trust must be earned. Belief in the importance of proving reliability.,{{Description}}
Belief,20,Positive,Patience leads to better outcomes. Belief in the benefits of waiting for the right time or opportunity.,{{Description}}
Belief,21,Negative,I am not good enough. Belief in personal inadequacy or unworthiness.,{{Description}}
Belief,22,Negative,The world is a dangerous place. Belief in pervasive threat or harm.,{{Description}}
Belief,23,Negative,People can't be trusted. Belief in the unreliability or ill intentions of others.,{{Description}}
Belief,24,Negative,I must be perfect to be loved. Belief in the necessity of perfection for acceptance or love.,{{Description}}
Belief,25,Negative,I am destined to fail. Belief in the inevitability of personal failure.,{{Description}}
Belief,26,Negative,Life is unfair. Belief in universal injustice.,{{Description}}
Belief,27,Negative,I don't deserve happiness. Belief in personal undeservingness of joy or contentment.,{{Description}}
Belief,28,Negative,Change is threatening. Belief that shifts or transitions are inherently negative or harmful.,{{Description}}
Belief,29,Negative,It's too late for me to change. Belief in the impossibility of personal growth or transformation.,{{Description}}
Belief,30,Negative,"If people knew the real me, they would reject me. Belief in the unacceptability of one's true self.",{{Description}}
Belief,31,Negative,Showing emotion is a sign of weakness. Belief in the negativity of emotional expression.,{{Description}}
Belief,32,Negative,I am powerless to change my circumstances. Belief in personal helplessness.,{{Description}}
Belief,33,Negative,Mistakes are shameful. Belief in the disgrace or dishonor of personal errors.,{{Description}}
Belief,34,Negative,I am responsible for others' happiness. Belief in carrying undue responsibility for the feelings of others.,{{Description}}
Belief,35,Negative,Others' needs are more important than my own. Belief in the necessity of self-sacrifice.,{{Description}}
Belief,36,Negative,Success only comes to the lucky ones. Belief in the role of luck rather than effort in achieving success.,{{Description}}
Belief,37,Negative,I'm not as smart as other people. Belief in personal intellectual inadequacy.,{{Description}}
Belief,38,Negative,People will only like me if I please them. Belief in the need for constant pleasing of others to gain acceptance.,{{Description}}
Belief,39,Negative,Nobody understands me. Belief in the fundamental isolation or misunderstanding of one's experience.,{{Description}}
Belief,40,Negative,I always have to be strong. Belief in the constant need for toughness or resistance to vulnerability.,{{Description}}
Belief,41,Positive,My past does not define my future. Belief in the power to change and shape one's future regardless of past experiences.,{{Description}}
Belief,42,Positive,All beings are interconnected. Belief in the interdependence of all life forms.,{{Description}}
Belief,43,Positive,Creativity is a fundamental human trait. Belief in the universal ability to create and innovate.,{{Description}}
Belief,44,Positive,Learning is a lifelong process. Belief in continuous growth and education.,{{Description}}
Belief,45,Positive,Life is full of beauty and wonder. Belief in the inherent beauty of the world.,{{Description}}
Belief,46,Positive,I am more than my outward appearance. Belief in the value of inner qualities over physical appearance.,{{Description}}
Belief,47,Positive,We are all more similar than different. Belief in the shared human experience.,{{Description}}
Belief,48,Positive,It is important to live in the present moment. Belief in the value of mindfulness and presence.,{{Description}}
Belief,49,Positive,I can handle whatever comes my way. Belief in one's ability to deal with any situation.,{{Description}}
Belief,50,Positive,Vulnerability is a strength. Belief in the power of openness and emotional authenticity.,{{Description}}
Belief,51,Positive,I am not my thoughts or emotions. Belief in the separateness of self from one's thoughts or feelings.,{{Description}}
Belief,52,Positive,There's always a way if I'm committed. Belief in the power of commitment to overcome obstacles.,{{Description}}
Belief,53,Positive,I can create the life I desire. Belief in the power to shape one's life.,{{Description}}
Belief,54,Positive,"All emotions are valuable and informative. Belief in the importance of all feelings, positive and negative.",{{Description}}
Belief,55,Positive,It's okay to ask for help. Belief in the value of seeking assistance from others.,{{Description}}
Belief,56,Positive,Failure is just a stepping stone to success. Belief in the instructive role of failure in achieving success.,{{Description}}
Belief,57,Positive,Forgiveness leads to healing. Belief in the power of forgiveness to heal emotional wounds.,{{Description}}
Belief,58,Positive,Health is a precious gift. Belief in the intrinsic value of health.,{{Description}}
Belief,59,Positive,It's important to maintain balance in life. Belief in the need for equilibrium in all aspects of life.,{{Description}}
Belief,60,Positive,Integrity is more valuable than popularity. Belief in the superiority of moral uprightness over social approval.,{{Description}}
Belief,61,Negative,I am a burden to others. Belief in being troublesome or distressing to others.,{{Description}}
Belief,62,Negative,I always ruin everything. Belief in personal tendency to spoil or destroy situations.,{{Description}}
Belief,63,Negative,People will eventually leave me. Belief in inevitable abandonment by others.,{{Description}}
Belief,64,Negative,I'm never going to get better. Belief in the permanence of personal struggles or issues.,{{Description}}
Belief,65,Negative,I'm unlovable. Belief in personal undeservingness of love.,{{Description}}
Belief,66,Negative,My opinions don't matter. Belief in the insignificance of personal views.,{{Description}}
Belief,67,Negative,I'm always in the way. Belief in being a constant obstacle or inconvenience to others.,{{Description}}
Belief,68,Negative,No one really cares about me. Belief in personal insignificance to others.,{{Description}}
Belief,69,Negative,I'm always going to be alone. Belief in lifelong solitude or isolation.,{{Description}}
Belief,70,Negative,I'm damaged beyond repair. Belief in irreparable personal brokenness.,{{Description}}
Belief,71,Negative,I'm not allowed to say no. Belief in personal obligation to always agree or comply.,{{Description}}
Belief,72,Negative,I always disappoint people. Belief in a consistent pattern of letting others down.,{{Description}}
Belief,73,Negative,I don't matter. Belief in personal insignificance or lack of value.,{{Description}}
Belief,74,Negative,No one would miss me if I were gone. Belief in personal irrelevance to others' lives.,{{Description}}
Belief,75,Negative,I'm a failure. Belief in personal inability to succeed or achieve.,{{Description}}
Belief,76,Negative,Everything good eventually ends. Belief in the transient nature of positive experiences or circumstances.,{{Description}}
Belief,77,Negative,I can't trust my feelings. Belief in the unreliability or danger of personal emotions.,{{Description}}
Belief,78,Negative,"If I can't do it perfectly, I shouldn't do it at all. Belief in the necessity of perfection in action.",{{Description}}
Belief,79,Negative,My needs are not important. Belief in the triviality or disregard of personal needs.,{{Description}}
Belief,80,Negative,I'm different and I don't fit in. Belief in personal alienation or exclusion from social groups.,{{Description}}
Belief,81,Positive,Effort matters more than talent. Belief in the value of hard work over innate abilities.,{{Description}}
Belief,82,Positive,"Diversity enriches life. Belief in the value of diverse experiences, ideas, and cultures.",{{Description}}
Belief,83,Positive,Happiness is a choice. Belief in one's ability to choose a positive perspective.,{{Description}}
Belief,84,Positive,My self-worth is not dependent on external achievements. Belief in intrinsic self-worth.,{{Description}}
Belief,85,Positive,Challenges help me grow stronger. Belief in the strengthening power of adversity.,{{Description}}
Belief,86,Positive,I can learn from everyone I meet. Belief in the learning opportunities each person offers.,{{Description}}
Belief,87,Positive,Kindness is always the right response. Belief in the universal appropriateness of kindness.,{{Description}}
Belief,88,Positive,Every day is a new opportunity. Belief in the potential that each new day brings.,{{Description}}
Belief,89,Positive,I am deserving of self-care. Belief in the importance of taking care of oneself.,{{Description}}
Belief,90,Positive,I am able to make a positive difference. Belief in personal ability to effect positive change.,{{Description}}
Belief,91,Positive,Compassion is stronger than judgment. Belief in the power of understanding over criticism.,{{Description}}
Belief,92,Positive,I have the power to forgive myself and move on. Belief in self-forgiveness and forward movement.,{{Description}}
Belief,93,Positive,I am stronger than my fears. Belief in personal resilience and courage.,{{Description}}
Belief,94,Positive,Gratitude enhances my life. Belief in the life-improving power of thankfulness.,{{Description}}
Belief,95,Positive,Each moment is precious. Belief in the inherent value of the present moment.,{{Description}}
Belief,96,Positive,I have unique talents and gifts. Belief in personal uniqueness and strengths.,{{Description}}
Belief,97,Positive,I am deserving of good things in life. Belief in personal deservingness of happiness and success.,{{Description}}
Belief,98,Positive,Communication is the key to successful relationships. Belief in the crucial role of communication in relationships.,{{Description}}
Belief,99,Positive,Persistence leads to achievement. Belief in the power of determination and tenacity.,{{Description}}
Belief,100,Positive,Peace starts within me. Belief in personal responsibility for cultivating inner peace.,{{Description}}
Belief,101,Negative,I am not capable of handling stress. Belief in personal inability to cope with stress.,{{Description}}
Belief,102,Negative,Others will take advantage of me if I let them. Belief in inevitable exploitation by others.,{{Description}}
Belief,103,Negative,I'm unattractive. Belief in personal physical unattractiveness.,{{Description}}
Belief,104,Negative,I'm useless. Belief in personal lack of worth or utility.,{{Description}}
Belief,105,Negative,I'm uninteresting. Belief in personal dullness or lack of fascinating qualities.,{{Description}}
Belief,106,Negative,Everyone else has their life together but me. Belief in personal failure compared to perceived success of others.,{{Description}}
Belief,107,Negative,I always say the wrong thing. Belief in personal inability to communicate effectively.,{{Description}}
Belief,108,Negative,I can't do anything right. Belief in personal incompetence.,{{Description}}
Belief,109,Negative,Nothing I do matters. Belief in the futility of personal actions.,{{Description}}
Belief,110,Negative,"If I express my feelings, I will be rejected. Belief in the risk of rejection linked to emotional expression.",{{Description}}
Belief,111,Negative,My problems are unsolvable. Belief in the hopelessness of personal issues.,{{Description}}
Belief,112,Negative,I'm destined to be miserable. Belief in the inevitability of personal misery.,{{Description}}
Belief,113,Negative,I must keep people at a distance to stay safe. Belief in the necessity of emotional isolation for protection.,{{Description}}
Belief,114,Negative,I'm not important. Belief in personal insignificance.,{{Description}}
Belief,115,Negative,I must always be in control. Belief in the absolute necessity of control.,{{Description}}
Belief,116,Negative,I'm fundamentally flawed. Belief in inherent personal defects or deficiencies.,{{Description}}
Belief,117,Negative,I'll never be able to change. Belief in the impossibility of personal growth or change.,{{Description}}
Belief,118,Negative,I'm destined to repeat my mistakes. Belief in the inevitability of repeating past mistakes.,{{Description}}
Belief,119,Negative,I don't have what it takes to be successful. Belief in personal inadequacy for success.,{{Description}}
Belief,120,Negative,"If I love, I will get hurt. Belief in the inherent risk of emotional pain in love.",{{Description}}
,,,,{{Description}}
